{
 "ours_1000": {
  "SSIM": 0.5886368155479431,
  "PSNR": 17.25019645690918,
  "LPIPS": 0.48269110918045044
 }
}